{"cameraMode":{"drawMode":0,"name":"Shaded","section":"Shading Mode"},"sceneLighting":true,"audioPlay":false,"sceneViewState":{"showFog":true,"showMaterialUpdate":true,"showSkybox":true,"showFlares":true,"showImageEffects":true,"showParticleSystems":true},"in2DMode":false,"pivot":{"x":827.3030395507813,"y":526.0921630859375,"z":6.33380126953125},"rotation":{"x":-0.013809128664433957,"y":0.003596098395064473,"z":-0.000050090129661839455,"w":-0.9999011754989624},"size":1098.5594482421875,"orthographic":false}